product_name,original_price,original_currency,target_currency,exchange_rate,converted_price,converted_at_utc
A Light in the Attic,51.77,GBP,KES,174.763877,9047.53,2026-09-15T06:24:45+00:00
Tipping the Velvet,53.74,GBP,KES,174.763877,9391.81,2026-09-15T06:24:45+00:00
Soumission,50.1,GBP,KES,174.763877,8755.67,2026-09-15T06:24:45+00:00
Sharp Objects,47.82,GBP,KES,174.763877,8357.21,2026-09-15T06:24:45+00:00
Sapiens: A Brief History of Humankind,54.23,GBP,KES,174.763877,9477.45,2026-09-15T06:24:45+00:00
The Requiem Red,22.65,GBP,KES,174.763877,3958.4,2026-09-15T06:24:45+00:00
The Dirty Little Secrets of Getting Your Dream Job,33.34,GBP,KES,174.763877,5826.63,2026-09-15T06:24:45+00:00
"The Coming Woman: A Novel Based on the Life of the Infamous Feminist, Victoria Woodhull",17.93,GBP,KES,174.763877,3133.52,2026-09-15T06:24:45+00:00
The Boys in the Boat: Nine Americans and Their Epic Quest for Gold at the 1936 Berlin Olympics,22.6,GBP,KES,174.763877,3949.66,2026-09-15T06:24:45+00:00
The Black Maria,52.15,GBP,KES,174.763877,9113.94,2026-09-15T06:24:45+00:00
